"","Group.1","keyword","MP","FG","FGA","X2P","X2PA","X3P","X3PA","FT","FTA","ORB","DRB","TRB","AST","STL","BLK"
"1","abdomen",1,0.581081081081081,0.625,0.56140350877193,0.65,0.547619047619048,0.5,0.6,0.785714285714286,0.941176470588235,0.6,0.928571428571429,0.842105263157895,0.0769230769230769,0.333333333333333,NA
"2","abdominal",9,0.796302226429209,0.996987598458187,0.94150880786863,1.01105260345026,0.967127977976555,1.35912698412698,0.924771524771525,1.54215167548501,1.4025871459695,1.23673469387755,0.721433256473824,0.731780840991367,0.882515632515633,1.44814814814815,0.391666666666667
"3","abductor",3,0.970801322672329,0.883852423852424,0.91361986986987,0.794677419354839,0.842628470497323,1.26666666666667,1.11794871794872,0.903159340659341,0.87748142735355,1.48148148148148,1.4962962962963,1.35088136264607,1.2258064516129,1.55555555555556,0.866666666666667
"4","abrasion",5,0.963808210874691,0.926212121212121,1.01857374608919,0.980865800865801,1.04157187639946,0.618181818181818,0.805854241338112,0.753030303030303,0.718819776714514,1.07952380952381,0.961967679379444,0.996401585917715,0.881981721981722,0.806547619047619,1.15333333333333
"5","abscess",1,0.878571428571429,1,0.717391304347826,1,0.717391304347826,NA,NA,0.222222222222222,0.217391304347826,2.5,1.15384615384615,1.33333333333333,0.8,1,0
"6","Achilles",47,0.945565002091216,0.927967479258854,0.918398395267097,0.895916862274808,0.906497759606285,1.08844280719281,0.900409346842172,0.836761959635966,0.893321379594762,1.29743008314437,0.972427658172918,0.947157739766825,1.16747461807749,0.986428728276554,0.618975322922691
"7","ACL",9,0.739502095612871,0.731211351594566,0.750724218368397,0.909058797300118,0.899749506122055,0.795918367346939,0.712500811576899,0.553358314479638,0.525619172494172,0.660714285714286,0.876807760141094,0.953415698751507,0.73147723735959,0.501851851851852,0.674603174603175
"8","adductor",14,1.06694009956945,1.0610961579554,1.0836322147738,1.1393642811292,1.08342485685159,1.26250495147554,1.5042439883349,1.00330943794362,1.13521822507691,1.19399092970522,1.25026520709294,1.17807864693725,1.3812266360987,1.09232434232434,1.16153846153846
"9","adnoids",1,1.05263157894737,1.18181818181818,1.15,1.44444444444444,1.35294117647059,0,0,1.66666666666667,2,0,1.33333333333333,1.2,1,2,NA
"10","ailment",3,1.19762845849802,1.8,1.77777777777778,1.81428571428571,1.82828282828283,1,0.5,0.0454545454545455,0.576923076923077,3,3.22222222222222,3.23809523809524,1.27777777777778,0.85,0
"11","allergic",1,1.02362204724409,0.888888888888889,0.8125,0.888888888888889,0.791666666666667,NA,NA,4,2.45454545454545,0.75,1.21052631578947,1.07407407407407,0.857142857142857,1.5,1.5
"12","ankle",440,1.04341519600079,1.11371153606364,1.07978197762403,1.17000626535041,1.09185979400545,1.29503961374671,1.18329421332159,1.33236657029581,1.29512921876842,1.14613919050197,1.14715619389561,1.11903738660534,1.23513427529709,1.08442359952512,0.921495071827368
"13","appendectomy",2,0.841622340425532,0.833333333333333,0.725925925925926,0.875,0.818181818181818,1,0.670833333333333,0,0,0.75,0.770588235294118,0.780701754385965,2.66666666666667,0,1
"14","appendix",1,1.06481481481481,1,0.973684210526316,0.666666666666667,0.583333333333333,1.5,1.64285714285714,1.18181818181818,0.9375,0.5,1.15,1,1.5,1.2,2
"15","arm",3,1.06745383338521,1.07095238095238,1.02577509729062,1.0124140565317,0.971237096237096,1.66666666666667,1.7020202020202,0.705398110661269,0.786111111111111,1.08333333333333,1.04191919191919,1.046918767507,1.08680555555556,1.5952380952381,0.166666666666667
"16","arthroscopic",36,0.922531055624792,1.10534416586794,0.97719638834512,1.23048046973345,1.0225050932481,1.12380952380952,1.08992827014513,1.00691520211886,0.829980324094009,1.3870990553084,0.980579804890897,0.949237657743976,1.09435472524958,1.13813025210084,1.0615763546798
"17","arthrosopic",2,0.32190832294696,0.542857142857143,0.536713286713287,0.622222222222222,0.538636363636364,0,0.333333333333333,0.833333333333333,1,0.461538461538462,0.252083333333333,0.257471264367816,0.333333333333333,0.25,0.666666666666667
"18","atrial",1,1.24193548387097,1,0.866666666666667,0.8,0.666666666666667,1.5,1.16666666666667,0.5,0.5,2.66666666666667,3.5,3,NA,0.666666666666667,NA
"19","axillary",1,0.878571428571429,1,0.717391304347826,1,0.717391304347826,NA,NA,0.222222222222222,0.217391304347826,2.5,1.15384615384615,1.33333333333333,0.8,1,0
"20","back",199,1.02756661238441,1.05403904169013,1.04829978109431,1.00344616068456,1.01453550195509,1.20420837698191,1.16158932336276,1.15309536781232,1.20360480719746,1.08341328713635,1.11834365707908,1.10874450322569,1.15680444882733,1.24797234112877,0.998215734882402
"21","bicep",2,0.947586980920314,1.44428152492669,1.12820512820513,1.37121212121212,1.13865546218487,2.02777777777778,1.10185185185185,0.987179487179487,0.888888888888889,0.984126984126984,0.933794466403162,0.94989224137931,0.732307692307692,1.175,0.25
"22","bone",40,0.938052378123404,1.09758645390478,1.03708093087763,1.1613092337413,1.08776543040689,0.849061678643127,1.03001627063511,0.995618120618121,0.957901189977034,1.04275036324185,1.05798430714113,1.02588747620704,1.16717911218586,0.86525974025974,0.96776973026973
"23","bruise",207,1.01918001739691,1.10559867142828,1.06873670018166,1.15427541382846,1.1216658752299,1.32534903405252,1.11757633214475,1.16619437871467,1.25933730081757,1.15504669829756,1.06223027115277,1.07030427394837,1.21959625019627,1.31805935730936,1.08833373141409
"24","bruised",191,1.02622482989912,1.11043334343349,1.0683410028904,1.16498059012447,1.12232436303208,1.35077149128244,1.12696071282265,1.18388293383471,1.28806078432641,1.12735230469939,1.06375458374605,1.06801119362783,1.18341811550078,1.34366777366777,1.0976317678737
"25","bursitis",6,0.953306494226053,0.943287037037037,1.02501909854851,0.80840074957722,0.846530920060332,3.16666666666667,2.04017857142857,1.23159479409479,1.28968253968254,1.22591297591298,1.08860398860399,1.02797876726448,0.956431966726084,1.23333333333333,1.09603174603175
"26","calf",82,0.922977351890149,0.938034050488297,0.929769994650273,0.966286659046115,0.960423703624575,1.24948387295662,0.996279336087357,1.02997650919043,0.97000744473502,0.929645890210906,1.01847597343628,0.992883497728808,0.996911361601821,1.21707915622389,1.17441688548246
"27","cartilag",4,0.593536967418546,0.559694989106754,0.638392340622469,0.998737373737374,0.803422304439746,0.39047619047619,0.833333333333333,0.902777777777778,0.856089743589744,1.91544117647059,0.67032967032967,0.751534699321151,0.577100840336135,0.982142857142857,1.5
"28","cartilage",4,0.593536967418546,0.559694989106754,0.638392340622469,0.998737373737374,0.803422304439746,0.39047619047619,0.833333333333333,0.902777777777778,0.856089743589744,1.91544117647059,0.67032967032967,0.751534699321151,0.577100840336135,0.982142857142857,1.5
"29","cervical",1,1.31707317073171,2.3,1.73913043478261,2.3,1.73913043478261,NA,NA,10,3.5,1,0.814814814814815,0.84375,1.5,5,1
"30","cheek",2,1.16176470588235,0.909259259259259,0.984375,0.97125,1.11458333333333,1.625,0.96875,0.801393728222997,0.866489361702128,2.13636363636364,1.27197802197802,1.35714285714286,1.01165254237288,1.58333333333333,NA
"31","cheekbone",1,1.2,0.8,1,1.0625,1.3125,0.5,0.6875,0.285714285714286,0.35,3,1.61538461538462,1.71428571428571,1.125,1,NA
"32","chest",2,1.26168042739194,1.59756097560976,1.28860294117647,1.49756097560976,1.33552631578947,2.33333333333333,1.15384615384615,1.04861111111111,1.07771260997067,1.03030303030303,1.51818181818182,1.36206896551724,1.5,2,3.0625
"33","chip",2,0.860204081632653,1.9,1.1,1.06666666666667,0.85,NA,2,1.35714285714286,1.47916666666667,0.833333333333333,1.9375,1.68181818181818,0.642857142857143,0.5,3
"34","chondromalacia",1,1,1.125,0.826086956521739,0.285714285714286,0.625,7,1.28571428571429,0,0,1,4,2.5,5,NA,NA
"35","clots",1,0.397727272727273,0.3,0.481481481481481,0.333333333333333,0.625,0.285714285714286,0.421052631578947,NA,NA,0.166666666666667,0.333333333333333,0.291666666666667,1,NA,NA
"36","cold",1,1.39449541284404,1.77777777777778,1.21875,2.5,1.61111111111111,0.333333333333333,0.714285714285714,1.2,1.33333333333333,3,2.14285714285714,2.25,3.125,1.4,NA
"37","collapsed",1,0.954198473282443,0.708333333333333,0.702127659574468,0.636363636363636,0.658536585365854,1.5,1,0.8,1.06666666666667,0.615384615384615,0.5,0.538461538461539,8,0.5,5.5
"38","collarbone",1,1.10280373831776,1.35714285714286,1.19354838709677,1.4,1.09090909090909,1.25,1.44444444444444,0,0,1,1,1,0.4,0.666666666666667,3
"39","concussion",52,1.09199891262572,1.17113392553899,1.06717806061974,1.10023409596348,1.02009291104358,1.03398637232671,1.23111488057814,1.76096200478054,1.54663924380595,1.19688412362831,1.14298123130238,1.18822247632583,1.21193264131809,1.13400992431605,0.929489443305233
"40","contusion",2,1.16947626841244,1.52857142857143,1.04901960784314,1.15625,0.985483870967742,3,1.14642857142857,3.22222222222222,2.85,2.75,1.36764705882353,1.65789473684211,1.10526315789474,0.8,0.5
"41","core",2,0.869093231162197,0.723333333333333,0.882921458282359,0.674242424242424,0.798290598290598,1.125,1.1875,0.43956043956044,0.497596153846154,1.125,0.678571428571429,0.700534759358289,0.5,1,0.25
"42","cornea",6,0.972092427981161,0.980176767676768,1.0593377708638,1.0257215007215,1.07850287945569,0.618181818181818,0.805854241338112,0.672979797979798,0.651099813928761,1.06626984126984,0.923861955038426,0.963667988264762,0.809058842392176,0.845238095238095,1.01666666666667
"43","cramps",1,1.33333333333333,1.42857142857143,1.57142857142857,2,1.625,0.666666666666667,1.5,NA,NA,1,1.2,1.16666666666667,1.16666666666667,2,0
"44","cuff",5,0.826075199975967,1.12077026421854,0.996052088303924,1.10632735685367,0.952664090800076,1.33333333333333,1.14027149321267,1.18670033670034,1.28125,2.04230769230769,0.807847744360902,0.876246081504702,0.778205128205128,0.613888888888889,1.72916666666667
"45","dental",2,0.755209854903106,0.609307359307359,0.709837877671334,0.629120879120879,0.681400966183575,0.428571428571429,0.928571428571429,0.375,0.422222222222222,1.07954545454545,0.786923076923077,0.864864864864865,0.557692307692308,0.541666666666667,1.75
"46","disc",20,0.915821220181067,1.47606797089497,0.842522770260321,1.1739831320417,0.772971516318858,0.984065009065009,1.09148881787022,1.03940023577955,1.07776219117847,1.05232700735797,1.03879112506268,1.06255728628464,1.15377215377215,1.32993827160494,0.952514097744361
"47","dislocated",8,0.900803996975582,1.11979166666667,1.2965514520202,0.996875,1.07167663476874,1.63690476190476,2.16207482993197,0.73015873015873,0.760461760461761,1.453125,1.08237554571914,1.13778011204482,0.470579292829932,0.956349206349206,1.04285714285714
"48","dizziness",1,0.828571428571429,0.4,0.666666666666667,0.428571428571429,0.75,0.333333333333333,0.6,0,0,NA,1.28571428571429,1.42857142857143,1.5,0.5,NA
"49","elbow",34,1.10618322622193,1.39980003653162,1.06580204367069,1.15806293771753,1.03596419946128,2.34097937319091,1.26442259115179,1.41600943479867,1.47458356804352,1.37021486577938,1.05635212130308,1.12001929830382,1.19904837477595,1.16956281565657,1.373
"50","exploratory",1,1.02614379084967,1.42857142857143,1.18604651162791,1.5,1.3125,1,0.818181818181818,13,9.66666666666667,0.666666666666667,1.0952380952381,1.04166666666667,1.02222222222222,1.57142857142857,NA
"51","eye",21,1.00942003398374,1.18367888512485,1.13121628440026,1.11715704432061,1.10634910341213,1.90696386946387,1.14312061771411,1.17279256809308,1.15423180968294,1.13965848965849,0.959372373209154,0.995121644029573,1.43491735302881,1.03703703703704,1.18641975308642
"52","eyelid",2,1.2116724738676,1.38636363636364,1.41666666666667,1.29761904761905,1.52777777777778,5,1.41666666666667,0.8,1.72222222222222,0.863636363636364,0.78125,0.791666666666667,2.0625,1.16666666666667,0.888888888888889
"53","face",1,0.94927536231884,1.4,1.08333333333333,1.66666666666667,1.4,1.15384615384615,0.857142857142857,1.66666666666667,2,0.6,0.862068965517241,0.794871794871795,0.333333333333333,0.428571428571429,0.4
"54","facial",3,1.14357354546013,1.06639928698752,1.19795602053667,1.1043956043956,1.2166977902272,2.04166666666667,1.3042328042328,1.80952380952381,1.62592592592593,0.946969696969697,1.18092105263158,1.26222222222222,1.00320512820513,0.676190476190476,0.644444444444444
"55","faciitis",4,0.954705431209009,1.13484432234432,1.05595654478007,1.19791666666667,1.01260656436488,0.863636363636364,1.10610079575597,1.4203125,1.58571428571429,1.225,1.42857142857143,1.2842146126185,1.77291666666667,1.13333333333333,2.5
"56","fascia",3,0.993826617826618,1.12329040630927,1.00625,1.0470999301188,0.968676122931442,1.55555555555556,0.553571428571429,1.85555555555556,1,0.594736842105263,0.865600448933782,0.794457874473991,0.840544871794872,1.77777777777778,1.13888888888889
"57","fasciitis",2,0.861019736842105,0.75,1.26470588235294,0.75,1.26470588235294,NA,NA,1.75,3.7,1.05,1,1.01785714285714,2.5,1.33333333333333,1.5
"58","fibula",7,0.758324275631472,0.64952314259037,0.722671555416463,0.605545248402391,0.70330652994966,0.782738095238095,0.786796536796537,0.627768830786072,0.588168976100011,0.523391812865497,0.77410579616462,0.727581638867593,0.932053691922113,1.66428571428571,0.695238095238095
"59","fibula,",1,0.970873786407767,0.647058823529412,0.525,0.818181818181818,0.586206896551724,0.333333333333333,0.363636363636364,0.428571428571429,0.857142857142857,0.833333333333333,1.17647058823529,1.08695652173913,1,2.75,NA
"60","finger",27,1.11063226670334,1.35753636172199,1.13847428927758,1.28351825845877,1.16139784932188,1.69348739495798,1.31438534459368,1.23098646967068,1.55385519545991,1.23426655044302,1.3217099642439,1.38697437925508,0.76562243281569,1.18655303030303,1.01853835978836
"61","flexor",18,0.96434611467621,0.967542417640457,0.924080303708968,1.12209152754944,1.04453221129732,1.0232683982684,0.884763092568336,0.998147896135512,0.919822494731437,1.17281746031746,0.901367579180598,0.968405174861931,0.889296745526321,0.644164332399626,1.225
"62","flu",37,1.06458539089018,1.06768912984761,1.066150285632,1.13017063879512,1.08705205384332,1.10466548157725,1.17891390859667,1.44882454368872,1.22225042810786,1.24047726467081,1.08140374196828,1.07501142536872,1.29104115555354,0.839174209628755,1.08491161616162
"63","flutter",1,1.24193548387097,1,0.866666666666667,0.8,0.666666666666667,1.5,1.16666666666667,0.5,0.5,2.66666666666667,3.5,3,NA,0.666666666666667,NA
"64","food",8,0.914557330301052,1.85462462822037,1.0820879829885,2.07606043543544,1.02959350633401,1.17261904761905,1.1860674413306,1.29761904761905,1.08589981447124,0.877777777777778,0.874387254901961,0.878050727866904,0.722650904203324,0.680555555555556,1.5
"65","foot",121,1.08610342808905,1.18847691832976,1.13526604504178,1.03037156130892,1.03845324142495,1.22292109163626,1.2284338625231,1.36825278878,1.31120230367364,1.03477296771459,1.25577251850514,1.18476484573263,1.21164775625006,1.11880274607547,1.23833176425769
"66","forearm",1,1.19607843137255,0.92,0.903225806451613,0.909090909090909,0.803571428571429,1,1.83333333333333,0.631578947368421,0.708333333333333,NA,0.916666666666667,1,1.59375,0.285714285714286,0
"67","forehead",1,0.957446808510638,1.33333333333333,1.16279069767442,1.8,1.61538461538462,0.4,0.470588235294118,0.666666666666667,0.6875,1,1.88888888888889,1.66666666666667,0.777777777777778,3.5,1.66666666666667
"68","fracture",112,1.05821469948978,1.01344881356715,1.21698043101088,1.06261991453401,1.0887223036051,1.14529778069054,1.06916516101546,1.47446900537946,1.50124949102917,1.21211481774007,1.19744888677567,1.20542358717917,1.12158685812914,1.21699336262443,1.13338605838606
"69","fragment",3,0.951735037449323,1.45555555555556,1.21540880503145,1.2457264957265,1.13190476190476,1.3375,1.60323232323232,1.28571428571429,1.32619047619048,0.416666666666667,0.87037037037037,0.756944444444444,0.782051282051282,0.454545454545455,1.625
"70","gasroenteritis",1,0.875,0.583333333333333,0.458333333333333,0.5,0.434782608695652,NA,1,8,6,1,1.3,1.15,0.6,0.75,5
"71","gastroententis",1,0.586666666666667,0.181818181818182,0.565217391304348,0.111111111111111,0.466666666666667,0.5,0.75,0,0,NA,0.75,0.75,0.363636363636364,0.25,1
"72","gastroenteritis",12,0.967420812058264,1.16392395632502,1.13027188229157,1.13494652781972,1.10090412384779,1.38223443223443,1.38802857001386,1.24180672816344,1.11989886331992,1.19060680698612,0.968634742343873,0.967552408230677,0.996733127983128,1.85477994227994,1.22071428571429
"73","gluteus",1,1.02721088435374,1.5,1.26785714285714,1.57142857142857,1.66666666666667,1.375,0.896551724137931,2.2,2.2,3,1.27777777777778,1.36842105263158,0.352941176470588,3,1
"74","graft",1,1.05555555555556,1.06666666666667,1.08988764044944,1.25925925925926,1.21153846153846,0.777777777777778,0.918918918918919,1.38461538461538,1.29032258064516,0.4,1.16,1.03333333333333,0.55,0.6,2
"75","groin",70,0.992611996342328,0.918162791911012,0.966724292566051,0.932383884470223,0.944703808553783,1.00357559107559,1.09515993959512,0.955771843919754,0.904068081238088,1.15874030483405,1.14556685169956,1.03929733975072,1.13885352496302,1.16747605692918,1.265
"76","hamstring",120,0.999130087633761,1.02284081055524,1.03120371666916,1.05390235637067,1.05958893973582,1.26146296109895,1.28066924418753,1.35093058436321,1.23549538819432,1.10218087532101,1.0187390928865,1.2411629974367,1.06887856430492,1.15373342011414,0.705372405372405
"77","hand",41,0.987529280098542,1.06364092586859,1.07830143288894,1.02576794690848,1.06146953223124,1.38382952015305,1.22690929244596,1.51675471963933,1.42829103234884,1.40207472143562,1.15271972944463,1.1881107487347,1.27973485393705,1.20980291638186,1.16264568764569
"78","head",13,0.938210408985036,0.959168380688127,0.98223662845724,1.03580875646093,1.00826671843875,0.896074380165289,1.02498485287532,1.18307387057387,1.32118714618715,1.62796143250689,1.28954799989283,1.30972400789917,0.840553379369169,1.50277777777778,0.744047619047619
"79","headache",10,0.980692920093552,0.957723492595714,0.953790940389364,1.01988471673254,0.948804232027869,0.828535353535353,1.06713834959271,1.3546626984127,1.43212662337662,1.8967803030303,1.20002351097179,1.3121283897561,0.904941615402142,1.57777777777778,0.695767195767196
"80","heel",23,1.13231728932234,1.16109515433821,1.18246579209511,1.12640809997421,1.16792120842766,1.35214547357405,1.04927516797965,1.35526963896529,1.30389716309625,1.22554376840091,1.256662115298,1.21199125656042,1.33957683253524,1.49875541125541,1.68265002970885
"81","hernia",9,0.776635229863877,0.691498392674863,0.720329629863435,0.713582829130009,0.786072392825459,0.75287999037999,0.728534046468829,0.672813852813853,0.772303057025279,0.776785714285714,0.746786492374728,0.747041994092079,0.912898363479759,0.925925925925926,0.3
"82","herniated",2,0.631305170239596,0.507352941176471,0.701769406392694,0.536231884057971,0.914473684210526,0.509090909090909,0.55625,0.7,0.916666666666667,0.4375,0.583333333333333,0.586711711711712,0.875,1,1
"83","hip",102,1.00244611229516,1.02246934665352,0.962593534881989,1.04913162326292,0.97438076521466,0.894874364318809,0.968914026999645,1.37419917670309,1.28721424837136,1.27650547398447,1.0497337872487,1.11148850006114,1.15079926076815,1.24423181756515,1.08108368039875
"84","hyperextended",12,0.953623918996495,1.08825141903099,1.05028712750365,1.48398688300004,1.3476016174443,1.17823472823473,0.974284908896162,2.4777625882889,2.07353399288883,1.80451388888889,1.00081753994797,1.0226194008051,0.957526807934417,1.62020202020202,0.341666666666667
"85","illness",178,1.08715009741411,1.34935899543258,1.1893675318428,1.34626155485912,1.27808831149597,1.23347296744474,1.21576913091038,1.14976069675963,1.09060982391607,1.41778088582735,1.43381223288776,1.38233107031306,1.17189502725644,1.23167170993258,0.983559675091933
"86","impingement",3,1.1591822120201,1.48968253968254,1.33938722775932,1.70767195767196,1.42009456264775,1.27272727272727,1.3340074148972,1.34497354497354,1.775,1.05555555555556,0.852564102564103,0.908834586466165,1.02320987654321,1,0.111111111111111
"87","index",9,1.0481021012856,1.31698691172375,1.2509245009245,1.15478582496126,1.3640977443609,1.67261904761905,1.42290249433107,1.20178571428571,1.88888085598612,1.35697115384615,1.18683712121212,1.55506878455795,0.892310789049919,1.28125,0.604910714285714
"88","infection",30,1.08962880710181,1.20158186731735,1.18681292443632,1.22817130853716,1.15932812803127,1.20540438397581,1.32984536718552,1.0423725953564,1.08242311647484,1.18624531024531,1.44128934498749,1.44334875143167,1.20989591617643,1.1044061302682,1.43836645769419
"89","inflammation",11,0.830901624204324,0.745183087846131,0.871809725619931,0.962974467032806,0.937230372502143,0.621666666666667,0.894823904965893,1.34544117647059,1.15722999222999,0.794017094017094,0.721798687707779,0.72210719946158,0.921495003313185,0.67,1.14285714285714
"90","ingrown",1,0.802083333333333,0.823529411764706,0.802469135802469,0.823529411764706,0.810126582278481,NA,0.5,0.952380952380952,1.11538461538462,0.5,1.10810810810811,0.941176470588235,1.2,0.75,1
"91","interior",1,0.748571428571429,0.780487804878049,0.728260869565218,0.928571428571429,0.742424242424243,0.461538461538462,0.692307692307692,0.55,0.857142857142857,0,1,0.866666666666667,1.06451612903226,0.454545454545455,4
"92","irritation",9,0.868817064516948,0.759181540308991,0.680895832203972,0.66532604032604,0.703059106844525,1.83353625541126,0.638825231481482,0.862742196075529,0.767135914194738,2.17708333333333,1.11127946127946,1.21249056543174,1.14703376716423,1.2587962962963,0.257142857142857
"93","jaw",1,0.776785714285714,1.33333333333333,0.785714285714286,1.28571428571429,0.789473684210526,1.5,0.777777777777778,2.5,2.25,1.66666666666667,0.555555555555556,0.714285714285714,1.125,0.666666666666667,0.5
"94","joint",4,0.976661295009368,1.06800595238095,0.974181732246248,1.15669642857143,0.947639182522903,0.972222222222222,0.83968253968254,0.661616161616162,0.8,1.39285714285714,0.865007836990596,0.914136377068558,0.977976190476191,0.433333333333333,2.5
"95","knee",494,0.95495858684772,1.02370056990069,0.997428050847232,1.09026757873814,1.01054424546955,1.11723893708711,1.02508089607163,1.16325876661835,1.1836553367701,1.15631268164465,1.05518890582412,1.01964309314058,1.06785028904989,1.16576084149136,0.996431581572583
"96","kneecap",2,0.758183209702108,0.744791666666667,0.816545718432511,0.672222222222222,0.730769230769231,0.830357142857143,0.866096866096866,1.08611111111111,0.914855072463768,0.357142857142857,0.6875,0.63030303030303,0.678571428571429,2.16666666666667,1
"97","labrum",12,0.852478858032082,0.810314569124899,0.845821902827602,0.844146151219588,0.834656038253955,0.848148148148148,1.125605872622,0.698817014442014,0.728119394777283,1.13444964126782,0.824470197829998,0.88390673879895,0.861855766854042,0.999512987012987,1.04834054834055
"98","lacerated",5,1.17902028488522,1.34908424908425,1.3466057585825,1.42217948717949,1.50067765567766,0.95,0.823529411764706,0.883333333333333,1.1984649122807,0.75974025974026,1.40421370568429,1.17710643015521,1.06280193236715,1.72095238095238,1.45512820512821
"99","laceration",1,1.2,1.8,1.51515151515152,1.92857142857143,1.66666666666667,0,0,3.4,4,2,0.944444444444444,1.2962962962963,5,0,0.333333333333333
"100","lat",7,0.997930296974214,1.71626151626152,1.40793538099854,2.00505420505421,1.53848620051628,0.583333333333333,1.12430555555556,0.585242165242165,0.666300366300366,0.755555555555556,1.16889063317635,1.00720749838397,1.40924369747899,0.683333333333333,0.666666666666667
"101","lateral",4,1.14481076175102,2.41292735042735,1.68104535532379,2.68839031339031,1.80103383458647,0.833333333333333,1.47777777777778,0.595061728395062,0.722222222222222,0.55,1.29555860805861,1.13393665158371,1.64117647058824,0.666666666666667,0.833333333333333
"102","leg",39,0.844006202745964,0.889306812762016,0.92850490756583,0.893365338625128,0.852506971986207,0.77643400660642,1.02706463482342,0.873386144506834,0.819435612123663,0.750054492291334,0.839660934574923,0.824058064292107,0.990932994319019,0.872277284119389,0.961992945326279
"103","ligament",22,0.887482812871297,0.736851083683905,0.781054577546393,0.806526143978297,0.823547674568976,1.21593067426401,0.819327696002319,0.83957125196621,0.94207557567806,1.04033189033189,0.987248576391554,0.995020523463686,0.932905928637958,1.20071428571429,1.33095238095238
"104","ligaments",1,0.620915032679739,0.666666666666667,0.775,0.666666666666667,0.9375,0.666666666666667,0.666666666666667,0,0,1.5,2,1.9,0.238095238095238,1,0
"105","lung",3,0.792747178494467,0.757163742690058,0.813339799155402,0.823232323232323,0.786819887429644,0.880952380952381,1.01214574898785,0.525,0.680392156862745,0.451159951159951,0.531746031746032,0.51480463980464,3.66666666666667,0.5,3.75
"106","MCL",21,0.980169577606769,1.06166044127884,0.948257565847132,1.20294793578721,1.08753066358023,0.756818181818182,0.859550522362055,0.78841810966811,0.767534728847826,0.709801917073385,0.941011105832897,0.880238597852746,0.87356026373741,1.06443452380952,0.956349206349206
"107","medial",4,0.720193545768068,0.713162878787879,0.787732221177945,0.737121212121212,0.772551169590643,0.75,0.81203007518797,1.36652097902098,1.21875,0.995833333333333,0.767738095238095,0.79566163003663,0.597413793103448,0.868055555555556,0.916666666666667
"108","meniscus",24,0.826867614575238,1.06522515709837,0.909991380174598,1.08692646367767,0.934639821123184,0.823879551820728,0.915517947124287,0.900574699042893,0.91256089975568,0.962042788129745,1.00264395664012,0.873316878338943,0.964301542343755,0.963636363636364,0.597630718954248
"109","menuscus",1,1.13157894736842,1.54545454545455,1.52631578947368,1.54545454545455,1.52631578947368,NA,NA,3.75,3,3.33333333333333,0.583333333333333,1.13333333333333,1.5,1,NA
"110","metatarsal",1,0.688073394495413,1.0625,1.02439024390244,1.07692307692308,1.03571428571429,1,1,0.6,0.611111111111111,NA,0.904761904761905,0.952380952380952,0.230769230769231,0.25,0.5
"111","microdisectomy",1,0.557692307692308,0.25,0.458333333333333,0.333333333333333,0.75,0.2,0.3125,1,1.33333333333333,0,0.5,0.416666666666667,1,0,NA
"112","migraine",10,0.980692920093552,0.957723492595714,0.953790940389364,1.01988471673254,0.948804232027869,0.828535353535353,1.06713834959271,1.3546626984127,1.43212662337662,1.8967803030303,1.20002351097179,1.3121283897561,0.904941615402142,1.57777777777778,0.695767195767196
"113","muscle",16,0.816969867883549,0.832094023215347,0.877371500577611,0.825912453804535,0.919995845194756,0.84246632996633,0.754757343550447,0.724878767066267,0.735670013197587,1.31800595238095,0.71060102370162,0.758764666652147,0.773940406354733,1.11573322510823,0.671153846153846
"114","neck",15,0.966568562190946,0.88629589298643,0.888100963252854,0.810241441328398,0.826677342221474,2.2987012987013,1.24437830687831,1.14378052503053,1.15996430470115,1.12322766519195,0.835318856463284,0.848371861189992,0.6978305424734,1.97435897435897,1.40104166666667
"115","nerve",11,0.887442787922966,0.761803711135262,0.681708144930621,0.658161968506796,0.674532067131688,1.74107142857143,0.699203042328042,0.907900180627453,0.974509803921569,1.99722222222222,1.10662912547939,1.18390376406138,1.08365761173086,1.1844696969697,0.33469387755102
"116","nose",14,1.40693291716948,0.865280481983347,2.57624398506523,1.28101065601066,1.67240301661657,0.547718253968254,0.591996261314443,1.93973063973064,2.22638888888889,1.16016483516484,1.80327790206992,1.92008656119453,1.13221185910262,1.51106532356532,1.00694444444444
"117","oblique",4,0.973031712708273,1.13831018518519,1.00894998245419,1.03518518518519,0.926402831402831,1.55555555555556,1.12877492877493,0.952380952380952,1.00477463712758,1.06666666666667,0.921181844830956,0.949501697337138,1.24570135746606,0.594444444444444,0.452380952380952
"118","orbital",6,1.14792022346007,1.085677586248,1.0154851984992,1.4053657694962,1.08001779544333,0.761217948717949,0.898076923076923,1.20228937728938,1.15724460724461,0.703635620915033,1.43710317460317,1.23799520113744,1.10083205325141,0.782337662337662,2.0530303030303
"119","patella",17,0.89968760981292,0.925822957681315,1.0012667887818,0.938210874552457,0.98438637296621,1.33181216931217,0.943820901320901,1.4496365914787,1.51249312501037,1.88297773654917,1.45712133352758,1.30663474105086,0.892053952991453,1.23774114774115,0.947041847041847
"120","patellar",8,1.04945521935453,1.13865740740741,1.23251310633472,1.26171165790731,1.30045366347501,1.26269841269841,0.973144910644911,1.54598997493734,1.74106060606061,3.29242424242424,2.0422052154195,1.71684618291761,1.21306471306471,1.16054421768707,1.21904761904762
"121","pectoral",3,0.775773539610563,0.549603174603175,0.534892787524367,0.58843537414966,0.604760392686089,0,0.166666666666667,0.481481481481482,0.472222222222222,0.822222222222222,0.460727969348659,0.525252525252525,0.962962962962963,1.55555555555556,0.625
"122","pelvis",5,1.06161162037929,0.919751082251082,0.830704295704296,0.943985955904561,0.837245327771644,1.16666666666667,1.55600649350649,2.41003787878788,1.83626077586207,0.787619047619048,0.856478558903236,0.85733014354067,1.22799422799423,1.01212121212121,1.7625
"123","pinched",1,0.982248520710059,1.15,0.839285714285714,0.8125,0.638888888888889,2.5,1.2,1,2,2.5,1.125,1.4,1.29166666666667,0.75,0.2
"124","pinky",2,2.14665471923536,3.75,1.48333333333333,3.75,1.45,NA,NA,1.5,4,2.9,2.275,2.25,0.5,0,4.5
"125","placed",3,0.960502314941121,0.84858958246055,0.854990583804143,0.788314176245211,0.824363803177362,2.75,1.13095238095238,1.26688596491228,1.31566951566952,0.812937062937063,0.929084564860427,0.882275132275132,1.21944444444444,1.02777777777778,0.893518518518519
"126","plantar",9,0.961526075211938,1.05052256152885,1.08473068656892,1.05921849522478,1.06081819079588,1.07070707070707,0.863868889730959,1.51015625,1.8,0.89083820662768,1.29382448826893,1.09484060080326,1.26814458689459,1.40952380952381,1.65277777777778
"127","plate",1,1.19718309859155,1.54545454545455,1.52,1.6,1.59090909090909,1,1,0.833333333333333,0.857142857142857,0.333333333333333,2.33333333333333,1.33333333333333,1.8,NA,NA
"128","pneumonia",2,0.867547736179438,1.15079365079365,1.1,1.12301587301587,1.075,NA,NA,1.28571428571429,1.51851851851852,0.958333333333333,0.805730258560447,0.805194805194805,0.4875,0.166666666666667,0.678571428571429
"129","pointer",8,1.12351021364307,1.06031422532781,1.11613547019627,1.17207792207792,1.10450174114013,0.57967032967033,1.20747647849462,1.19897694897695,1.39486346986347,1.51388888888889,0.985266596148949,1.44648530330896,1.09715544871795,1.57222222222222,1.1
"130","poisoning",8,0.914557330301052,1.85462462822037,1.0820879829885,2.07606043543544,1.02959350633401,1.17261904761905,1.1860674413306,1.29761904761905,1.08589981447124,0.877777777777778,0.874387254901961,0.878050727866904,0.722650904203324,0.680555555555556,1.5
"131","quadricep",42,0.911588190003588,1.07050260884485,1.00637448707933,1.0832204629736,1.07151263856528,1.3719831969832,1.20929058046618,1.08570984667349,1.2401469930335,1.25073953823954,1.03725124642469,1.05126132625477,1.05978072227578,1.16360973682402,1.04562211981567
"132","quadriceps",26,0.934988081795439,1.07615251446323,1.01456391542205,1.07232194730779,0.998357925505015,1.37517520358429,1.35247006282396,1.11012235606328,1.40314794688182,1.22215608465608,1.02109911259269,1.06253500204647,1.08657453952262,1.01620046620047,1.02547619047619
"133","reaction",5,0.762769571958267,0.79170662162653,0.805427398516296,0.791611003375709,0.744152298850575,0.708333333333333,0.915270935960591,1.41785714285714,1.09090909090909,0.95,0.847226036104755,0.829330943847073,0.717142857142857,1.35285714285714,0.8125
"134","respiratory",30,0.993435143585226,1.16626343913307,1.1544147593399,1.15895339748281,1.14822964318278,1.30710506424792,1.22361135042665,1.19219692561551,1.23450581528067,1.01094372294372,1.18163058479725,1.1709911883516,1.09342172008981,1.05228411435308,1.4060440154023
"135","retina",1,1.06521739130435,2,1.40909090909091,1.5,1.14285714285714,5,1.875,0.2,0.454545454545455,0.8,0.647058823529412,0.681818181818182,1.8,1,5
"136","rib",23,1.23212974574643,1.56932054873231,1.36380412105731,1.556231158671,1.48300204348432,2.00637325637326,1.07151875901876,1.14974626030727,1.29315600473236,1.25737427169986,1.21540809476326,1.16863108060851,1.24703556451677,1.03095238095238,2.15449735449735
"137","ring",151,0.961936472529583,0.983569160083021,0.996025434450304,1.00996814458335,1.01252717744502,1.29548846951001,1.27182439983933,1.27408937791982,1.17137507566059,1.05610534387684,1.00336774347113,1.16978982989654,1.047930551833,1.08988107450967,0.777955792909064
"138","root",6,0.866044009850364,0.623515795206972,0.613613816738817,0.395833333333333,0.647385620915033,2.17956349206349,0.567322530864197,1.00396825396825,0.861111111111111,2.48333333333333,1.11220538720539,1.26693404634581,1.18166176185746,1.26041666666667,0
"139","rotator",5,0.826075199975967,1.12077026421854,0.996052088303924,1.10632735685367,0.952664090800076,1.33333333333333,1.14027149321267,1.18670033670034,1.28125,2.04230769230769,0.807847744360902,0.876246081504702,0.778205128205128,0.613888888888889,1.72916666666667
"140","ruptured",3,0.835245408399771,0.590909090909091,0.696904946904947,0.562433862433862,0.676962676962677,0.433333333333333,0.582244008714597,0.89520624303233,0.914814814814815,0.625,0.979411764705882,1.09722222222222,0.758040935672515,0.255555555555556,0.333333333333333
"141","scar",2,0.885395100069013,0.657894736842105,0.785990605139541,0.653361344537815,0.732692307692308,1.125,1.07738095238095,0.61578947368421,0.520833333333333,0.6875,0.99874686716792,0.911544227886057,0.622619047619048,3,0.5
"142","scratched",2,0.96024512884978,1.41911764705882,1.27602339181287,1.45833333333333,1.25279106858054,1.4,1.41666666666667,0.580808080808081,0.65625,1.16666666666667,0.771428571428571,0.862962962962963,0.847222222222222,1.375,0.666666666666667
"143","screw",3,0.910099085801897,0.872735760971055,0.975189086025306,0.780388471177945,0.905390461950597,2.66666666666667,1.52380952380952,1.125,1.3,0.361111111111111,0.86294589520396,0.743518518518519,0.73015873015873,1.05753968253968,0.666666666666667
"144","separated",7,0.892422129514092,0.779485575274092,0.744213791988042,0.957235621521336,0.851741469081311,0.365584415584416,0.591704374057315,1.83503401360544,1.8047619047619,0.953908836261777,1.05860954263128,0.969213013385946,1.109385852243,1.13571428571429,0.775
"145","separation",2,1.23049645390071,1.29120879120879,1.03531073446328,1.54761904761905,1.20352564102564,0.714285714285714,0.939393939393939,3.25,3.64285714285714,1.82352941176471,1.4295652173913,1.44642857142857,1.84090909090909,0.666666666666667,0.8
"146","shin",8,1.13127190739768,1.23115918609885,1.24084080883899,2.12476057328117,1.41291383478456,0.746666666666667,1.92247752247752,0.716178266178266,0.823290598290598,0.957256235827664,1.06904177997928,1.15820603287841,0.995784666067685,1.57823129251701,1.01190476190476
"147","shoulder",117,0.931674509902202,0.959417932173489,0.96144095185554,0.987856999849971,0.948321700484968,1.05724464028035,1.01417023696189,1.32185920386608,1.19377890701467,1.09879581884226,0.964156660177367,0.956667043146752,1.02606670295645,1.2456805731142,1.04647451963241
"148","side",1,1.07079646017699,0.733333333333333,0.926829268292683,0.8,0.84375,0.6,1.22222222222222,0.692307692307692,1,0.5,1.07692307692308,1,0.88,0.75,1
"149","sinus",4,1.67891357708263,1.56111111111111,1.53250783020125,1.88333333333333,1.42954545454545,0.46031746031746,1.58181818181818,0.658496732026144,1.01149425287356,2.16666666666667,3.16973684210526,3.32463768115942,2.01990838618746,0.972222222222222,0
"150","skin",1,0.879581151832461,0.825,0.887640449438202,0.911764705882353,1.0952380952381,0.333333333333333,0.384615384615385,1.22222222222222,0.931034482758621,0.666666666666667,1,0.866666666666667,1.21875,0.666666666666667,1
"151","sore",541,0.981155518700738,0.986349683560045,0.968151011442446,0.989244734319561,0.940468271734761,1.16844968468543,1.08946054063944,1.18788631062392,1.18555533071715,1.08433755699833,1.06713044611363,1.08025490767289,1.10218786108336,1.22172392848746,1.00360947879745
"152","spasms",69,0.998600161383564,1.12366606174087,1.04633065031164,1.13975784813216,1.10158289037825,1.12795396093268,1.04217905682859,1.4283363093005,1.43307673923678,1.25462307459257,1.0650546791276,1.05753396877334,1.22342646243962,1.41228878648233,1.3977081308714
"153","splints",1,0.880597014925373,0.8,1.08695652173913,0.833333333333333,0.916666666666667,0.75,1.27272727272727,0.666666666666667,0.666666666666667,0.428571428571429,0.818181818181818,0.666666666666667,1,0,NA
"154","sprain",475,1.05781643381207,1.11259818460136,1.08370433941401,1.16748649380597,1.09070048684742,1.2203605683588,1.13838285308389,1.36555610227118,1.28014781078318,1.14288871002534,1.18447605586544,1.15094275015604,1.25657028653239,1.14582483011382,0.985655651967571
"155","spur",6,0.819375280475175,1.36239316239316,0.985560966284139,1.60500610500611,1.1614010989011,0.54,1.03832621082621,0.821428571428572,0.85625,0.330555555555556,1.09126984126984,0.93616452991453,0.787410120743454,0.692727272727273,1.25
"156","staph",1,1.09411764705882,0.951219512195122,1.01298701298701,0.951219512195122,1.01298701298701,NA,NA,0.695652173913044,0.758620689655172,1.11111111111111,1.17857142857143,1.16216216216216,0.838709677419355,2.33333333333333,2.5
"157","sternum",3,1.06091348265261,1.48148148148148,1.12249827467219,1.67195767195767,1.23687735963951,0.333333333333333,0.526315789473684,1.53703703703704,1.25992063492063,0.709150326797386,1.17609272447982,1.0437091503268,1.02136752136752,1.38888888888889,0.555555555555556
"158","stiffness",3,1.06825396825397,1.15961472308222,1.21014492753623,1.32085561497326,1.3179347826087,0.375,0.722222222222222,1.88888888888889,1.4645732689211,1.11666666666667,1.25859674916279,1.13025493025493,1.0686994165255,2.25,0.75
"159","stomach",25,1.08735343960419,1.06994665501049,1.10255629180011,0.938811775241187,0.99222881152254,1.13952559785893,1.20768486917568,1.14608022642562,0.990144724556489,1.03983394383394,1.21504276612692,1.10756090188993,1.36467171656316,1.18555021367521,1.00877192982456
"160","strain",288,0.977964903792671,1.00214227757041,0.98214341884958,1.05423745587372,0.993169644189664,1.12446424334372,1.11453685727673,1.21098019315738,1.14454921570237,1.08333626233588,1.03595873030535,1.08901063692436,1.12489256704308,1.19911702300178,1.07655341734289
"161","strep",4,0.864082420172028,0.649193548387097,0.814430501930502,1.03223443223443,0.821940559440559,0.25,0.76860119047619,0.735185185185185,0.576086956521739,1.625,0.820833333333333,0.891887626262626,0.961481481481481,0.888888888888889,0.5
"162","stress",13,0.785432688716484,0.73159140144939,0.768321032655472,0.665346355504727,0.658094380546206,1.29335317460317,1.15014565868695,1.41315628815629,1.37105522682446,0.943055555555556,0.860394436481393,0.80551593004702,0.601343101343101,0.996611721611722,0.718253968253968
"163","subluxation",2,0.649107142857143,0.875,1.40316205533597,0.75,1.21590909090909,0,0.266666666666667,0.115384615384615,0.1,0.55,0.451086956521739,0.505050505050505,1.5,0.766666666666667,1
"164","surgery",201,0.947609863910601,1.05548246086017,0.970438913095872,1.0352381204455,0.948449203051504,1.08548745251765,1.03026213125566,1.06723095493649,1.03143723788455,1.04336841449695,1.02834643304387,1.00229138912521,0.974787118174746,1.10442936200915,0.978441171923315
"165","swelling",4,0.829498625254029,1.12027777777778,1.12671050393969,1.04307359307359,1.07401035886053,1.20833333333333,1.1726403823178,0.438235294117647,0.490526315789474,0.622222222222222,0.60467803030303,0.601791958041958,1.2704991087344,0.642361111111111,0.791540148448043
"166","swollen",3,1.04703910091252,0.834204413472706,0.966200466200466,0.874847374847375,0.947008547008547,0.333333333333333,1.05555555555556,1.4,1.2140350877193,1.63492063492064,0.978535353535353,1.06097601323408,1.3287037037037,0.8125,1.33333333333333
"167","tailbone",1,0.959349593495935,1.5,1.70588235294118,1.5,1.70588235294118,NA,NA,0.888888888888889,0.666666666666667,1,0.571428571428572,0.625,1.08333333333333,NA,0.5
"168","tear",1,1.04477611940298,0.757575757575758,0.533333333333333,1,0.7,0,0.2,2.14285714285714,2.11538461538462,0,2.35294117647059,2,1.42857142857143,1.81818181818182,1
"169","tendinitis",38,0.974355435067252,0.96010020268797,1.0599302895565,1.00518258397282,1.11376976692624,1.25941798941799,1.0884489631416,1.16478976512811,1.05146357454542,1.55192218916552,1.02959164775183,1.01130152979289,1.05444646541699,1.13711460108519,0.925740740740741
"170","tendon",21,0.890390978246875,0.860822092827991,0.924968459259277,0.849455245484922,0.959387975002601,0.683044733044733,0.845147117764705,0.807935451555599,0.941029239766082,1.03145743145743,1.38959022328107,1.12922281893441,1.12593613988351,0.952252112966399,0.542328042328042
"171","testicle",1,0.91578947368421,1.45454545454545,1,2.16666666666667,0.952380952380952,0.6,1.06666666666667,0.666666666666667,0.5625,2,0.142857142857143,0.266666666666667,0.461538461538462,0.833333333333333,0
"172","thigh",21,0.963887018269562,1.08093989743773,1.01581854495388,1.05422855908517,1.00759629240844,1.28666666666667,1.10884420649263,0.952625152625153,0.926231824154669,1.01229360165119,0.850094764115109,0.909667908862281,1.15098433234098,1.37936798651084,0.849074074074074
"173","throat",4,0.864082420172028,0.649193548387097,0.814430501930502,1.03223443223443,0.821940559440559,0.25,0.76860119047619,0.735185185185185,0.576086956521739,1.625,0.820833333333333,0.891887626262626,0.961481481481481,0.888888888888889,0.5
"174","thrombocytopenia",1,1.37037037037037,3,1.36363636363636,2.5,1.11111111111111,NA,2.5,2,2,3,1.8,2,2,3,NA
"175","thumb",34,1.06116040458338,0.967353645688728,1.00562567200533,0.919010125471801,0.965982101011926,1.01785968660969,0.92202570232326,1.34913978613979,1.0856007270535,1.19343793206385,1.32009576350961,1.1965058132707,1.07262085953262,1.00878136200717,1.05300925925926
"176","tibia",8,0.834165880812288,0.828421924647423,0.877996028833493,0.792878428760782,0.831316649466804,2.32738095238095,1.71048951048951,2.03748222221129,2.04946577584826,1.24583333333333,0.915983512970406,0.883087394904198,0.744036561993218,1.0625,1.01071428571429
"177","tightness",26,1.00478413676041,1.18053734507416,1.05173434388401,1.26433062814567,1.09758186980722,1.31017051731337,1.08911044335118,1.13349291231644,1.12822178974743,1.04667011732229,1.02605166326886,0.99376663905922,0.946743120359629,1.06904201680672,1.27692307692308
"178","tissue",2,0.885395100069013,0.657894736842105,0.785990605139541,0.653361344537815,0.732692307692308,1.125,1.07738095238095,0.61578947368421,0.520833333333333,0.6875,0.99874686716792,0.911544227886057,0.622619047619048,3,0.5
"179","toe",51,0.947156035404237,1.02521407393907,0.937682984877169,1.11469797247449,0.979025076414713,1.37356661856662,0.925436457774304,1.10134870635364,1.10101825972009,1.30673178673179,1.07167937962714,1.11760170561703,1.1266505598052,1.57295918367347,1.07559523809524
"180","toenail",1,0.802083333333333,0.823529411764706,0.802469135802469,0.823529411764706,0.810126582278481,NA,0.5,0.952380952380952,1.11538461538462,0.5,1.10810810810811,0.941176470588235,1.2,0.75,1
"181","tonsils",1,1.05263157894737,1.18181818181818,1.15,1.44444444444444,1.35294117647059,0,0,1.66666666666667,2,0,1.33333333333333,1.2,1,2,NA
"182","tooth",3,0.826775931287018,1.01481481481481,0.906027253668763,1.03103913630229,1.01416122004357,0.966666666666667,0.730030203714414,0.87962962962963,1.23429951690821,5,0.801900584795322,0.912173913043478,1.24322344322344,0.641666666666667,0.333333333333333
"183","torn",87,0.816758626179396,0.856615627483495,0.833149068939079,0.836819450640866,0.84210415677141,1.06466366966367,0.924374125628984,0.794552871818661,0.822026377067407,0.904960474574445,0.903609263564468,0.870702238208193,0.900338694413419,0.98106016068979,0.832977450239355
"184","tricep",3,1.06702152320833,1.11510673234811,1.40021645021645,1.14305555555556,1.44314345991561,0.569444444444444,1.05208333333333,0.8125,0.603365384615385,0.666666666666667,0.859368191721133,0.948179271708683,1.3037037037037,1.44444444444444,2.66666666666667
"185","turf",2,1.02220888355342,0.705459770114943,0.862745098039216,0.738095238095238,0.851351351351351,0.916666666666667,0.892857142857143,1.29166666666667,1.3125,1.41666666666667,0.737132352941176,0.848970251716247,0.826923076923077,1.44642857142857,1.75
"186","ulnar",1,1.25384615384615,0.857142857142857,0.980392156862745,0.8125,0.870967741935484,1,1.15,1.44444444444444,1.7,2,1.23529411764706,1.31578947368421,1.10526315789474,0.8,0.5
"187","vertigo",2,1.24985968671871,1.12011494252874,1.04722481343284,1.12011494252874,1.06349206349206,NA,0,1.76948051948052,1.47994652406417,0.738095238095238,1.32758620689655,1.14634146341463,0.56280193236715,0.458333333333333,1.125
"188","virus",19,1.14899135287199,1.17677568326731,1.14809126039031,0.983942710531852,1.01102998622646,1.29781144781145,1.28131172982483,1.33137903762904,1.11829997699563,0.843506493506494,1.41382867971878,1.15870725650861,1.29191444520392,1.32425213675214,1.34027777777778
"189","wall",1,0.748571428571429,0.780487804878049,0.728260869565218,0.928571428571429,0.742424242424243,0.461538461538462,0.692307692307692,0.55,0.857142857142857,0,1,0.866666666666667,1.06451612903226,0.454545454545455,4
"190","wisdom",1,0.823076923076923,1,0.791666666666667,1,0.777777777777778,1,0.809523809523809,1.75,2.5,9,0.958333333333333,1.28,0.714285714285714,0.125,0
"191","wrist",66,0.990778435841687,0.967002792403425,0.951046923851186,0.992009326157981,0.990615111392036,0.968635479746591,0.906691815120792,1.26462614232775,1.20964623575221,1.18201561644185,1.15224596075447,1.06870305160848,1.15682418512909,1.25887102315674,0.757575757575758
